﻿Code,License Type,Indicator Name,Long definition,Source,Topic,Periodicity,Aggregation method,Statistical concept and methodology,Development relevance,Limitations and exceptions,General comments,License URL
IT.NET.USER.ZS,CC BY-4.0,Individuals using the Internet (% of population),"Internet users are individuals who have used the Internet (from any location) in the last 3 months. The Internet can be used via a computer, mobile phone, personal digital assistant, games machine, digital TV etc.",International Telecommunication Union (ITU) World Telecommunication/ICT Indicators Database,Infrastructure: Communications,Annual,Weighted average,"The Internet is a world-wide public computer network. It provides access to a number of communication services including the World Wide Web and carries email, news, entertainment and data files, irrespective of the device used (not assumed to be only via a computer - it may also be by mobile phone, PDA, games machine, digital TV etc.). Access can be via a fixed or mobile network. For additional/latest information on sources and country notes, please also refer to: https://www.itu.int/en/ITU-D/Statistics/Pages/stat/default.aspx","The digital and information revolution has changed the way the world learns, communicates, does business, and treats illnesses. New information and communications technologies (ICT) offer vast opportunities for progress in all walks of life in all countries - opportunities for economic growth, improved health, better service delivery, learning through distance education, and social and cultural advances.

Today's smartphones and tablets have computer power equivalent to that of yesterday's computers and provide a similar range of functions. Device convergence is thus rendering the conventional definition obsolete.

Comparable statistics on access, use, quality, and affordability of ICT are needed to formulate growth-enabling policies for the sector and to monitor and evaluate the sector's impact on development. Although basic access data are available for many countries, in most developing countries little is known about who uses ICT; what they are used for (school, work, business, research, government); and how they affect people and businesses. The global Partnership on Measuring ICT for Development is helping to set standards, harmonize information and communications technology statistics, and build statistical capacity in developing countries. However, despite significant improvements in the developing world, the gap between the ICT haves and have-nots remains.","Operators have traditionally been the main source of telecommunications data, so information on subscriptions has been widely available for most countries. This gives a general idea of access, but a more precise measure is the penetration rate - the share of households with access to telecommunications. During the past few years more information on information and communication technology use has become available from household and business surveys. Also important are data on actual use of telecommunications services. Ideally, statistics on telecommunications (and other information and communications technologies) should be compiled for all three measures: subscriptions, access, and use. The quality of data varies among reporting countries as a result of differences in regulations covering data provision and availability.

Discrepancies may also arise in cases where the end of a fiscal year differs from that used by ITU, which is the end of December of every year. A number of countries have fiscal years that end in March or June of every year.",Please cite the International Telecommunication Union for third-party use of these data.,https://datacatalog.worldbank.org/public-licenses#cc-by
FR.INR.RINR,CC BY-4.0,Real interest rate (%),"Real interest rate is the lending interest rate adjusted for inflation as measured by the GDP deflator. The terms and conditions attached to lending rates differ by country, however, limiting their comparability.","International Monetary Fund, International Financial Statistics and data files using World Bank data on the GDP deflator.",Financial Sector: Interest rates,Annual,,"Many interest rates coexist in an economy, reflecting competitive conditions, the terms governing loans and deposits, and differences in the position and status of creditors and debtors. In some economies interest rates are set by regulation or administrative fiat. In economies with imperfect markets, or where reported nominal rates are not indicative of effective rates, it may be difficult to obtain data on interest rates that reflect actual market transactions. Deposit and lending rates are collected by the International Monetary Fund (IMF) as representative interest rates offered by banks to resident customers. The terms and conditions attached to these rates differ by country, however, limiting their comparability.

Real interest rates are calculated by adjusting nominal rates by an estimate of the inflation rate in the economy. A negative real interest rate indicates a loss in the purchasing power of the principal. The real interest rates are calculated as (i - P) / (1 + P), where i is the nominal lending interest rate and P is the inflation rate (as measured by the GDP deflator).

In 2009 the IMF began publishing a new presentation of monetary statistics for countries that report data in accordance with its Monetary Financial Statistical Manual 2000. The presentation for countries that report data in accordance with its International Financial Statistics (IFS) remains the same.","The banking system's assets include its net foreign assets and net domestic credit. Net domestic credit includes credit extended to the private sector and general government and credit extended to the nonfinancial public sector in the form of investments in short- and long-term government securities and loans to state enterprises; liabilities to the public and private sectors in the form of deposits with the banking system are netted out. Net domestic credit also includes credit to banking and nonbank financial institutions.

Domestic credit is the main vehicle through which changes in the money supply are regulated, with central bank lending to the government often playing the most important role. The central bank can regulate lending to the private sector in several ways - for example, by adjusting the cost of the refinancing facilities it provides to banks, by changing market interest rates through open market operations, or by controlling the availability of credit through changes in the reserve requirements imposed on banks and ceilings on the credit provided by banks to the private sector.

The real interest rate is used in various economic theories to explain such phenomena as the capital flight, business cycle and economic bubbles. When the real rate of interest is high, that is, demand for credit is high, then money will, all other things being equal, move from consumption to savings. Conversely, when the real rate of interest is low, demand will move from savings to investment and consumption.",,,https://datacatalog.worldbank.org/public-licenses#cc-by
IT.MLT.MAIN.P2,CC BY-4.0,Fixed telephone subscriptions (per 100 people),"Fixed telephone subscriptions refers to the sum of active number of analogue fixed telephone lines, voice-over-IP (VoIP) subscriptions, fixed wireless local loop (WLL) subscriptions, ISDN voice-channel equivalents and fixed public payphones.",International Telecommunication Union (ITU) World Telecommunication/ICT Indicators Database,Infrastructure: Communications,Annual,Weighted average,"A fixed telephone line (previously called main telephone line in operation) is an active line connecting the subscriber's terminal equipment to the public switched telephone network (PSTN) and which has a dedicated port in the telephone exchange equipment. This term is synonymous with the terms main station or Direct Exchange Line (DEL) that are commonly used in telecommunication documents. It may not be the same as an access line or a subscriber. This should include the active number of analog fixed telephone lines, ISDN channels, fixed wireless, public payphones and VoIP subscriptions. Active lines are those that have registered an activity in the past three months.

Data on fixed telephone lines are derived using administrative data that countries (usually the regulatory telecommunication authority or the Ministry in charge of telecommunications) regularly, and at least annually, collect from telecommunications operators. Data are considered to be very reliable, timely, and complete.

Data for this indicator are readily available for approximately 90 percent of countries, either through ITU's World Telecommunication Indicators questionnaires or from official information available on the Ministry or Regulator's website. For the rest, information can be aggregated through operators' data (mainly through annual reports) and complemented by market research reports.

Telephone lines (per 100 people) indicator is derived by all telephone lines divided by the country's population and multiplied by 100. For additional/latest information on sources and country notes, please also refer to: https://www.itu.int/en/ITU-D/Statistics/Pages/stat/default.aspx","The quality of an economy's infrastructure, including power and communications, is an important element in investment decisions for both domestic and foreign investors. Government effort alone is not enough to meet the need for investments in modern infrastructure; public-private partnerships, especially those involving local providers and financiers, are critical for lowering costs and delivering value for money. In telecommunications, competition in the marketplace, along with sound regulation, is lowering costs, improving quality, and easing access to services around the globe.

Access to telecommunication services rose on an unprecedented scale over the past two decades. This growth was driven primarily by wireless technologies and liberalization of telecommunications markets, which have enabled faster and less costly network rollout.

Fixed telephone lines are those that connect a subscriber's terminal equipment to the public switched telephone network and that have a port on a telephone exchange. This term is synonymous with the term main station or Direct Exchange Line (DEL) that is commonly used in telecommunication documents. Integrated services digital network channels and fixed wireless subscribers are included. A fixed line also refers to a phone which uses a solid medium telephone line such as a metal wire or fiber optic cable for transmission as distinguished from a mobile cellular line which uses radio waves for transmission.

Over the past decade new financing and technology, along with privatization and market liberalization, have spurred dramatic growth in telecommunications in many countries. With the rapid development of mobile telephony and the global expansion of the Internet, information and communication technologies are increasingly recognized as essential tools of development, contributing to global integration and enhancing public sector effectiveness, efficiency, and transparency.","Operators have traditionally been the main source of telecommunications data, so information on subscriptions has been widely available for most countries. This gives a general idea of access, but a more precise measure is the penetration rate - the share of households with access to telecommunications. During the past few years more information on information and communication technology use has become available from household and business surveys. Also important are data on actual use of telecommunications services. Ideally, statistics on telecommunications (and other information and communications technologies) should be compiled for all three measures: subscriptions, access, and use. The quality of data varies among reporting countries as a result of differences in regulations covering data provision and availability.

Discrepancies between global and national figures may arise when countries use a different definition than the one used by ITU. For example, some countries do not include the number of ISDN channels when calculating the number of fixed telephone lines. Discrepancies may also arise in cases where the end of a fiscal year differs from that used by ITU, which is the end of December of every year. A number of countries have fiscal years that end in March or June of every year. Data are usually not adjusted but discrepancies in the definition, reference year or the break in comparability in between years are noted in a data note. For this reason, data are not always strictly comparable. Missing values are estimated by ITU.",Please cite the International Telecommunication Union for third-party use of these data.,https://datacatalog.worldbank.org/public-licenses#cc-by
IT.CEL.SETS,CC BY-4.0,Mobile cellular subscriptions,"Mobile cellular telephone subscriptions are subscriptions to a public mobile telephone service that provide access to the PSTN using cellular technology. The indicator includes (and is split into) the number of postpaid subscriptions, and the number of active prepaid accounts (i.e. that have been used during the last three months). The indicator applies to all mobile cellular subscriptions that offer voice communications. It excludes subscriptions via data cards or USB modems, subscriptions to public mobile data services, private trunked mobile radio, telepoint, radio paging and telemetry services.",International Telecommunication Union (ITU) World Telecommunication/ICT Indicators Database,Infrastructure: Communications,Annual,Sum,"Refers to the subscriptions to a public mobile telephone service and provides access to Public Switched Telephone Network (PSTN) using cellular technology, including number of pre-paid SIM cards active during the past three months. This includes both analogue and digital cellular systems (IMT-2000 (Third Generation, 3G) and 4G subscriptions, but excludes mobile broadband subscriptions via data cards or USB modems. Subscriptions to public mobile data services, private trunked mobile radio, telepoint or radio paging, and telemetry services should also be excluded. This should include all mobile cellular subscriptions that offer voice communications.

Data on mobile cellular subscribers are derived using administrative data that countries (usually the regulatory telecommunication authority or the Ministry in charge of telecommunications) regularly, and at least annually, collect from telecommunications operators.

Data for this indicator are readily available for approximately 90 percent of countries, either through ITU's World Telecommunication Indicators questionnaires or from official information available on the Ministry or Regulator's website. For the rest, information can be aggregated through operators' data (mainly through annual reports) and complemented by market research reports. For additional/latest information on sources and country notes, please also refer to: https://www.itu.int/en/ITU-D/Statistics/Pages/stat/default.aspx","The quality of an economy's infrastructure, including power and communications, is an important element in investment decisions for both domestic and foreign investors. Government effort alone is not enough to meet the need for investments in modern infrastructure; public-private partnerships, especially those involving local providers and financiers, are critical for lowering costs and delivering value for money. In telecommunications, competition in the marketplace, along with sound regulation, is lowering costs, improving quality, and easing access to services around the globe.

Access to telecommunication services rose on an unprecedented scale over the past two decades. This growth was driven primarily by wireless technologies and liberalization of telecommunications markets, which have enabled faster and less costly network rollout. The International Telecommunication Union (ITU) estimates that there were about 6 billion mobile subscriptions globally in the early 2010s. No technology has ever spread faster around the world. Mobile communications have a particularly important impact in rural areas. The mobility, ease of use, flexible deployment, and relatively low and declining rollout costs of wireless technologies enable them to reach rural populations with low levels of income and literacy. The next billion mobile subscribers will consist mainly of the rural poor. Access is the key to delivering telecommunications services to people. If the service is not affordable to most people, goals of universal usage will not be met.

Mobile cellular telephone subscriptions are subscriptions to a public mobile telephone service using cellular technology, which provide access to the public switched telephone network (PSTN) using cellular technology. It includes postpaid and prepaid subscriptions and includes analogue and digital cellular systems.

Over the past decade new financing and technology, along with privatization and market liberalization, have spurred dramatic growth in telecommunications in many countries. With the rapid development of mobile telephony and the global expansion of the Internet, information and communication technologies are increasingly recognized as essential tools of development, contributing to global integration and enhancing public sector effectiveness, efficiency, and transparency.","Operators have traditionally been the main source of telecommunications data, so information on subscriptions has been widely available for most countries. This gives a general idea of access, but a more precise measure is the penetration rate - the share of households with access to telecommunications. During the past few years more information on information and communication technology use has become available from household and business surveys. Also important are data on actual use of telecommunications services. Ideally, statistics on telecommunications (and other information and communications technologies) should be compiled for all three measures: subscriptions, access, and use. The quality of data varies among reporting countries as a result of differences in regulations covering data provision and availability.

Discrepancies between global and national figures may arise when countries use a different definition than the one used by ITU. For example, some countries do not include the number of ISDN channels when calculating the number of fixed telephone lines. Discrepancies may also arise in cases where the end of a fiscal year differs from that used by ITU, which is the end of December of every year. A number of countries have fiscal years that end in March or June of every year. Data are usually not adjusted but discrepancies in the definition, reference year or the break in comparability in between years are noted in a data note. For this reason, data are not always strictly comparable. Missing values are estimated by ITU.

Mobile subscriptions include both analogue and digital cellular systems (IMT-2000 (Third Generation, 3G) and 4G subscriptions, but excludes mobile broadband subscriptions via data cards or USB modems. Subscriptions to public mobile data services, private trunked mobile radio, telepoint or radio paging, and telemetry services are also excluded, but all mobile cellular subscriptions that offer voice communications are included. Both postpaid and prepaid subscriptions are included.",Please cite the International Telecommunication Union for third-party use of these data.,https://datacatalog.worldbank.org/public-licenses#cc-by
IT.NET.SECR,CC BY-4.0,Secure Internet servers,"The number of distinct, publicly-trusted TLS/SSL certificates found in the Netcraft Secure Server Survey.",Netcraft (http://www.netcraft.com/),Infrastructure: Communications,Annual,Sum,"The survey examines the use of encrypted transactions through extensive automated exploration, tallying the number of web sites using HTTPS. This analysis relates to those sites found in the survey where the certificate is valid for the hostname, and the certificate has been issued from a publicly-trusted root. The indicator refers to valid, third-party certificates. Included are sites found in the survey where the common name in the certificate matched the hostname, and the certificate's digital signature was not detected as being self-signed. The location is derived from the hosting location of the sites using the certificates (rather than the countries indicated on the certificates themselves.) "Netcraft's survey counts (unique) valid certificates issued by widely-trusted third-party certification authorities. A certificate must be valid, that is it must be within its validity period (certificates are usually valid for up to 39 months), and the digital signatures on the certificate must check successfully. It must be issued by third party certificate issuer that is recognised by Netcraft. Netcraft investigate new issuers each month and determine whether they are third party issuers that could be expected to be trusted by some user base; CAs that issue only for one company are generally excluded, as are self-signed certificates." Netcraft note on the term “valid certificates": “There is nothing inherently "invalid" about private certification or self-signed certificates. But neither of these types of certificates are generally accepted by end-users' browsers, and browsers would typically report them as "invalid", so our terminology is consistent with normal user expectations.” [https://www.netcraft.com/] The data reflects the December survey in that year.","The quality of an economy's infrastructure, including power and communications, is an important element in investment decisions for both domestic and foreign investors. Government effort alone is not enough to meet the need for investments in modern infrastructure; public-private partnerships, especially those involving local providers and financiers, are critical for lowering costs and delivering value for money. In telecommunications, competition in the marketplace, along with sound regulation, is lowering costs, improving quality, and easing access to services around the globe. Today's smartphones and tablets have computer power equivalent to that of yesterday's computers and provide a similar range of functions. Device convergence is thus rendering the conventional definition obsolete.

Comparable statistics on access, use, quality, and affordability of ICT are needed to formulate growth-enabling policies for the sector and to monitor and evaluate the sector's impact on development. Although basic access data are available for many countries, in most developing countries little is known about who uses ICT; what they are used for (school, work, business, research, government); and how they affect people and businesses. The global Partnership on Measuring ICT for Development is helping to set standards, harmonize information and communications technology statistics, and build statistical capacity in developing countries. However, despite significant improvements in the developing world, the gap between the ICT haves and have-nots remains.

Access to telecommunication services rose on an unprecedented scale over the past two decades. This growth was driven primarily by wireless technologies and liberalization of telecommunications markets, which have enabled faster and less costly network rollout. Mobile communications have a particularly important impact in rural areas. The mobility, ease of use, flexible deployment, and relatively low and declining rollout costs of wireless technologies enable them to reach rural populations with low levels of income and literacy. The next billion mobile subscribers will consist mainly of the rural poor. Access is the key to delivering telecommunications services to people. If the service is not affordable to most people, goals of universal usage will not be met.

Over the past decade new financing and technology, along with privatization and market liberalization, have spurred dramatic growth in telecommunications in many countries. With the rapid development of mobile telephony and the global expansion of the Internet, information and communication technologies are increasingly recognized as essential tools of development, contributing to global integration and enhancing public sector effectiveness, efficiency, and transparency.",,,https://datacatalog.worldbank.org/public-licenses#cc-by
IT.CEL.SETS.P2,CC BY-4.0,Mobile cellular subscriptions (per 100 people),"Mobile cellular telephone subscriptions are subscriptions to a public mobile telephone service that provide access to the PSTN using cellular technology. The indicator includes (and is split into) the number of postpaid subscriptions, and the number of active prepaid accounts (i.e. that have been used during the last three months). The indicator applies to all mobile cellular subscriptions that offer voice communications. It excludes subscriptions via data cards or USB modems, subscriptions to public mobile data services, private trunked mobile radio, telepoint, radio paging and telemetry services.",International Telecommunication Union (ITU) World Telecommunication/ICT Indicators Database,Infrastructure: Communications,Annual,Weighted Average,"Refers to the subscriptions to a public mobile telephone service and provides access to Public Switched Telephone Network (PSTN) using cellular technology, including number of pre-paid SIM cards active during the past three months. This includes both analogue and digital cellular systems (IMT-2000 (Third Generation, 3G) and 4G subscriptions, but excludes mobile broadband subscriptions via data cards or USB modems. Subscriptions to public mobile data services, private trunked mobile radio, telepoint or radio paging, and telemetry services should also be excluded. This should include all mobile cellular subscriptions that offer voice communications.

Data on mobile cellular subscribers are derived using administrative data that countries (usually the regulatory telecommunication authority or the Ministry in charge of telecommunications) regularly, and at least annually, collect from telecommunications operators.

Data for this indicator are readily available for approximately 90 percent of countries, either through ITU's World Telecommunication Indicators questionnaires or from official information available on the Ministry or Regulator's website. For the rest, information can be aggregated through operators' data (mainly through annual reports) and complemented by market research reports.

Mobile cellular subscriptions (per 100 people) indicator is derived by all mobile subscriptions divided by the country's population and multiplied by 100. For additional/latest information on sources and country notes, please also refer to: https://www.itu.int/en/ITU-D/Statistics/Pages/stat/default.aspx","The quality of an economy's infrastructure, including power and communications, is an important element in investment decisions for both domestic and foreign investors. Government effort alone is not enough to meet the need for investments in modern infrastructure; public-private partnerships, especially those involving local providers and financiers, are critical for lowering costs and delivering value for money. In telecommunications, competition in the marketplace, along with sound regulation, is lowering costs, improving quality, and easing access to services around the globe.

Access to telecommunication services rose on an unprecedented scale over the past two decades. This growth was driven primarily by wireless technologies and liberalization of telecommunications markets, which have enabled faster and less costly network rollout. The International Telecommunication Union (ITU) estimates that there were about 6 billion mobile subscriptions globally in the early 2010s. No technology has ever spread faster around the world. Mobile communications have a particularly important impact in rural areas. The mobility, ease of use, flexible deployment, and relatively low and declining rollout costs of wireless technologies enable them to reach rural populations with low levels of income and literacy. The next billion mobile subscribers will consist mainly of the rural poor. Access is the key to delivering telecommunications services to people. If the service is not affordable to most people, goals of universal usage will not be met.

Mobile cellular telephone subscriptions are subscriptions to a public mobile telephone service using cellular technology, which provide access to the public switched telephone network (PSTN) using cellular technology. It includes postpaid and prepaid subscriptions and includes analogue and digital cellular systems.

Over the past decade new financing and technology, along with privatization and market liberalization, have spurred dramatic growth in telecommunications in many countries. With the rapid development of mobile telephony and the global expansion of the Internet, information and communication technologies are increasingly recognized as essential tools of development, contributing to global integration and enhancing public sector effectiveness, efficiency, and transparency.","Operators have traditionally been the main source of telecommunications data, so information on subscriptions has been widely available for most countries. This gives a general idea of access, but a more precise measure is the penetration rate - the share of households with access to telecommunications. During the past few years more information on information and communication technology use has become available from household and business surveys. Also important are data on actual use of telecommunications services. Ideally, statistics on telecommunications (and other information and communications technologies) should be compiled for all three measures: subscriptions, access, and use. The quality of data varies among reporting countries as a result of differences in regulations covering data provision and availability.

Discrepancies between global and national figures may arise when countries use a different definition than the one used by ITU. For example, some countries do not include the number of ISDN channels when calculating the number of fixed telephone lines. Discrepancies may also arise in cases where the end of a fiscal year differs from that used by ITU, which is the end of December of every year. A number of countries have fiscal years that end in March or June of every year. Data are usually not adjusted but discrepancies in the definition, reference year or the break in comparability in between years are noted in a data note. For this reason, data are not always strictly comparable. Missing values are estimated by ITU.

Mobile subscriptions include both analogue and digital cellular systems (IMT-2000 (Third Generation, 3G) and 4G subscriptions, but excludes mobile broadband subscriptions via data cards or USB modems. Subscriptions to public mobile data services, private trunked mobile radio, telepoint or radio paging, and telemetry services are also excluded, but all mobile cellular subscriptions that offer voice communications are included. Both postpaid and prepaid subscriptions are included.",Please cite the International Telecommunication Union for third-party use of these data.,https://datacatalog.worldbank.org/public-licenses#cc-by
IT.MLT.MAIN,CC BY-4.0,Fixed telephone subscriptions,"Fixed telephone subscriptions refers to the sum of active number of analogue fixed telephone lines, voice-over-IP (VoIP) subscriptions, fixed wireless local loop (WLL) subscriptions, ISDN voice-channel equivalents and fixed public payphones.",International Telecommunication Union (ITU) World Telecommunication/ICT Indicators Database,Infrastructure: Communications,Annual,Sum,"A fixed telephone line (previously called main telephone line in operation) is an active line connecting the subscriber's terminal equipment to the public switched telephone network (PSTN) and which has a dedicated port in the telephone exchange equipment. This term is synonymous with the terms main station or Direct Exchange Line (DEL) that are commonly used in telecommunication documents. It may not be the same as an access line or a subscriber. This should include the active number of analog fixed telephone lines, ISDN channels, fixed wireless, public payphones and VoIP subscriptions. Active lines are those that have registered an activity in the past three months.

Data on fixed telephone lines are derived using administrative data that countries (usually the regulatory telecommunication authority or the Ministry in charge of telecommunications) regularly, and at least annually, collect from telecommunications operators. Data are considered to be very reliable, timely, and complete.

Data for this indicator are readily available for approximately 90 percent of countries, either through ITU's World Telecommunication Indicators questionnaires or from official information available on the Ministry or Regulator's website. For the rest, information can be aggregated through operators' data (mainly through annual reports) and complemented by market research reports. For additional/latest information on sources and country notes, please also refer to: https://www.itu.int/en/ITU-D/Statistics/Pages/stat/default.aspx","The quality of an economy's infrastructure, including power and communications, is an important element in investment decisions for both domestic and foreign investors. Government effort alone is not enough to meet the need for investments in modern infrastructure; public-private partnerships, especially those involving local providers and financiers, are critical for lowering costs and delivering value for money. In telecommunications, competition in the marketplace, along with sound regulation, is lowering costs, improving quality, and easing access to services around the globe.

Access to telecommunication services rose on an unprecedented scale over the past two decades. This growth was driven primarily by wireless technologies and liberalization of telecommunications markets, which have enabled faster and less costly network rollout.

Fixed telephone lines are those that connect a subscriber's terminal equipment to the public switched telephone network and that have a port on a telephone exchange. This term is synonymous with the term main station or Direct Exchange Line (DEL) that is commonly used in telecommunication documents. Integrated services digital network channels and fixed wireless subscribers are included. A fixed line also refers to a phone which uses a solid medium telephone line such as a metal wire or fiber optic cable for transmission as distinguished from a mobile cellular line which uses radio waves for transmission.

Over the past decade new financing and technology, along with privatization and market liberalization, have spurred dramatic growth in telecommunications in many countries. With the rapid development of mobile telephony and the global expansion of the Internet, information and communication technologies are increasingly recognized as essential tools of development, contributing to global integration and enhancing public sector effectiveness, efficiency, and transparency.","Operators have traditionally been the main source of telecommunications data, so information on subscriptions has been widely available for most countries. This gives a general idea of access, but a more precise measure is the penetration rate - the share of households with access to telecommunications. During the past few years more information on information and communication technology use has become available from household and business surveys. Also important are data on actual use of telecommunications services. Ideally, statistics on telecommunications (and other information and communications technologies) should be compiled for all three measures: subscriptions, access, and use. The quality of data varies among reporting countries as a result of differences in regulations covering data provision and availability.

Discrepancies between global and national figures may arise when countries use a different definition than the one used by ITU. For example, some countries do not include the number of ISDN channels when calculating the number of fixed telephone lines. Discrepancies may also arise in cases where the end of a fiscal year differs from that used by ITU, which is the end of December of every year. A number of countries have fiscal years that end in March or June of every year. Data are usually not adjusted but discrepancies in the definition, reference year or the break in comparability in between years are noted in a data note. For this reason, data are not always strictly comparable. Missing values are estimated by ITU.",Please cite the International Telecommunication Union for third-party use of these data.,https://datacatalog.worldbank.org/public-licenses#cc-by
IT.NET.BBND,CC BY-4.0,Fixed broadband subscriptions,"Fixed broadband subscriptions refers to fixed subscriptions to high-speed access to the public Internet (a TCP/IP connection), at downstream speeds equal to, or greater than, 256 kbit/s. This includes cable modem, DSL, fiber-to-the-home/building, other fixed (wired)-broadband subscriptions, satellite broadband and terrestrial fixed wireless broadband. This total is measured irrespective of the method of payment. It excludes subscriptions that have access to data communications (including the Internet) via mobile-cellular networks. It should include fixed WiMAX and any other fixed wireless technologies. It includes both residential subscriptions and subscriptions for organizations.",International Telecommunication Union (ITU) World Telecommunication/ICT Indicators Database,Infrastructure: Communications,Annual,Sum,,,,Please cite the International Telecommunication Union for third-party use of these data.,https://datacatalog.worldbank.org/public-licenses#cc-by
